Workbook

Sheet Splicing
A1: Roll 1 Diameter | B1: Roll 2 Diameter | C1: Combined Diameter
A2: 8 | B2: 8 | C2: {=_xlfn.XLOOKUP(A2, Combined_Diameter_LUT!$B$1:$M$1, _xlfn.XLOOKUP(B2, Combined_Diameter_LUT!$A$2:$A$13, Combined_Diameter_LUT!$B$2:$M$13))} -> 10.908717

Sheet Combined_Diameter_LUT
B1: 5 | C1: 6 | D1: 7 | E1: 8 | F1: 9 | G1: 10 | H1: 11 | I1: 12 | J1: 13 | K1: 14 | L1: 15
A2: 5 | B2: =SQRT(Raw!B2)*2 -> 6.4031325 | C2: =SQRT(Raw!C2)*2 -> 7.2111099 | D2: =SQRT(Raw!D2)*2 -> 8.0622643 | E2: =SQRT(Raw!E2)*2 -> 8.9442779 | F2: =SQRT(Raw!F2)*2 -> 9.8488632 | G2: =SQRT(Raw!G2)*2 -> 10.770335 | H2: =SQRT(Raw!H2)*2 -> 11.704704 | I2: =SQRT(Raw!I2)*2 -> 12.649115 | ... L2: =SQRT(Raw!L2)*2 -> 15.524178
A3: 6 | B3: =SQRT(Raw!B3)*2 -> 7.2111099 | C3: =SQRT(Raw!C3)*2 -> 7.9372606 | D3: =SQRT(Raw!D3)*2 -> 8.717804 | E3: =SQRT(Raw!E3)*2 -> 9.5393976 | F3: =SQRT(Raw!F3)*2 -> 10.39231 | G3: =SQRT(Raw!G3)*2 -> 11.269432 | H3: =SQRT(Raw!H3)*2 -> 12.165529 | I3: =SQRT(Raw!I3)*2 -> 13.076701 | ... L3: =SQRT(Raw!L3)*2 -> 15.874511
A4: 7 | B4: =SQRT(Raw!B4)*2 -> 8.0622643 | C4: =SQRT(Raw!C4)*2 -> 8.717804 | D4: =SQRT(Raw!D4)*2 -> 9.4339868 | E4: =SQRT(Raw!E4)*2 -> 10.198044 | F4: =SQRT(Raw!F4)*2 -> 11.000005 | G4: =SQRT(Raw!G4)*2 -> 11.832164 | H4: =SQRT(Raw!H4)*2 -> 12.688582 | I4: =SQRT(Raw!I4)*2 -> 13.564664 | ... L4: =SQRT(Raw!L4)*2 -> 16.278824
A5: 8 | B5: =SQRT(Raw!B5)*2 -> 8.9442779 | C5: =SQRT(Raw!C5)*2 -> 9.5393976 | D5: =SQRT(Raw!D5)*2 -> 10.198044 | E5: =SQRT(Raw!E5)*2 -> 10.908717 | F5: =SQRT(Raw!F5)*2 -> 11.661908 | G5: =SQRT(Raw!G5)*2 -> 12.449904 | H5: =SQRT(Raw!H5)*2 -> 13.266503 | I5: =SQRT(Raw!I5)*2 -> 14.10674 | ... L5: =SQRT(Raw!L5)*2 -> 16.733204
A6: 9 | B6: =SQRT(Raw!B6)*2 -> 9.8488632 | C6: =SQRT(Raw!C6)*2 -> 10.39231 | D6: =SQRT(Raw!D6)*2 -> 11.000005 | E6: =SQRT(Raw!E6)*2 -> 11.661908 | F6: =SQRT(Raw!F6)*2 -> 12.369321 | G6: =SQRT(Raw!G6)*2 -> 13.114881 | H6: =SQRT(Raw!H6)*2 -> 13.892448 | I6: =SQRT(Raw!I6)*2 -> 14.696942 | ... L6: =SQRT(Raw!L6)*2 -> 17.233691
A7: 10 | B7: =SQRT(Raw!B7)*2 -> 10.770335 | C7: =SQRT(Raw!C7)*2 -> 11.269432 | D7: =SQRT(Raw!D7)*2 -> 11.832164 | E7: =SQRT(Raw!E7)*2 -> 12.449904 | F7: =SQRT(Raw!F7)*2 -> 13.114881 | G7: =SQRT(Raw!G7)*2 -> 13.820279 | H7: =SQRT(Raw!H7)*2 -> 14.560223 | I7: =SQRT(Raw!I7)*2 -> 15.329713 | ... L7: =SQRT(Raw!L7)*2 -> 17.776392
A8: 11 | B8: =SQRT(Raw!B8)*2 -> 11.704704 | C8: =SQRT(Raw!C8)*2 -> 12.165529 | D8: =SQRT(Raw!D8)*2 -> 12.688582 | E8: =SQRT(Raw!E8)*2 -> 13.266503 | F8: =SQRT(Raw!F8)*2 -> 13.892448 | G8: =SQRT(Raw!G8)*2 -> 14.560223 | H8: =SQRT(Raw!H8)*2 -> 15.264341 | I8: =SQRT(Raw!I8)*2 -> 16.000003 | ... L8: =SQRT(Raw!L8)*2 -> 18.357563
A9: 12 | B9: =SQRT(Raw!B9)*2 -> 12.649115 | C9: =SQRT(Raw!C9)*2 -> 13.076701 | D9: =SQRT(Raw!D9)*2 -> 13.564664 | E9: =SQRT(Raw!E9)*2 -> 14.10674 | F9: =SQRT(Raw!F9)*2 -> 14.696942 | G9: =SQRT(Raw!G9)*2 -> 15.329713 | H9: =SQRT(Raw!H9)*2 -> 16.000003 | I9: =SQRT(Raw!I9)*2 -> 16.703296 | ... L9: =SQRT(Raw!L9)*2 -> 18.973669
A10: 13 | B10: =SQRT(Raw!B10)*2 -> 13.601474 | C10: =SQRT(Raw!C10)*2 -> 14.000004 | D10: =SQRT(Raw!D10)*2 -> 14.456836 | E10: =SQRT(Raw!E10)*2 -> 14.966633 | F10: =SQRT(Raw!F10)*2 -> 15.524178 | G10: =SQRT(Raw!G10)*2 -> 16.124519 | H10: =SQRT(Raw!H10)*2 -> 16.763058 | I10: =SQRT(Raw!I10)*2 -> 17.435599 | ... L10: =SQRT(Raw!L10)*2 -> 19.62142
A11: 14 | B11: =SQRT(Raw!B11)*2 -> 14.560223 | C11: =SQRT(Raw!C11)*2 -> 14.933188 | D11: =SQRT(Raw!D11)*2 -> 15.362295 | E11: =SQRT(Raw!E11)*2 -> 15.842983 | F11: =SQRT(Raw!F11)*2 -> 16.370709 | G11: =SQRT(Raw!G11)*2 -> 16.941077 | H11: =SQRT(Raw!H11)*2 -> 17.549932 | I11: =SQRT(Raw!I11)*2 -> 18.193408 | ... L11: =SQRT(Raw!L11)*2 -> 20.297786
A12: 15 | B12: =SQRT(Raw!B12)*2 -> 15.524178 | C12: =SQRT(Raw!C12)*2 -> 15.874511 | D12: =SQRT(Raw!D12)*2 -> 16.278824 | E12: =SQRT(Raw!E12)*2 -> 16.733204 | F12: =SQRT(Raw!F12)*2 -> 17.233691 | G12: =SQRT(Raw!G12)*2 -> 17.776392 | H12: =SQRT(Raw!H12)*2 -> 18.357563 | I12: =SQRT(Raw!I12)*2 -> 18.973669 | ... L12: =SQRT(Raw!L12)*2 -> 21.000003

Sheet Raw
A1: OD | B1: 5 | C1: 6 | D1: 7 | E1: 8 | F1: 9 | G1: 10 | H1: 11 | I1: 12 | J1: 13 | K1: 14 | L1: 15
A2: 5 | B2: =(((SUMSQ(A2/2)*PI()+SUMSQ(B1/2)*PI()-(7.0685))/PI())) -> 10.250027 | C2: =(((SUMSQ(A2/2)*PI()+SUMSQ(C1/2)*PI()-(7.0685))/PI())) -> 13.000027 | D2: =(((SUMSQ(A2/2)*PI()+SUMSQ(D1/2)*PI()-(7.0685))/PI())) -> 16.250027 | E2: =(((SUMSQ(A2/2)*PI()+SUMSQ(E1/2)*PI()-(7.0685))/PI())) -> 20.000027 | F2: =(((SUMSQ(A2/2)*PI()+SUMSQ(F1/2)*PI()-(7.0685))/PI())) -> 24.250027 | G2: =(((SUMSQ(A2/2)*PI()+SUMSQ(G1/2)*PI()-(7.0685))/PI())) -> 29.000027 | H2: =(((SUMSQ(A2/2)*PI()+SUMSQ(H1/2)*PI()-(7.0685))/PI())) -> 34.250027 | I2: =(((SUMSQ(A2/2)*PI()+SUMSQ(I1/2)*PI()-(7.0685))/PI())) -> 40.000027 | J2: =(((SUMSQ(A2/2)*PI()+SUMSQ(J1/2)*PI()-(7.0685))/PI())) -> 46.250027 | K2: =(((SUMSQ(A2/2)*PI()+SUMSQ(K1/2)*PI()-(7.0685))/PI())) -> 53.000027 | L2: =(((SUMSQ(A2/2)*PI()+SUMSQ(L1/2)*PI()-(7.0685))/PI())) -> 60.250027
A3: 6 | B3: =(((SUMSQ(A3/2)*PI()+SUMSQ(B1/2)*PI()-(7.0685))/PI())) -> 13.000027 | C3: =(((SUMSQ(A3/2)*PI()+SUMSQ(C1/2)*PI()-(7.0685))/PI())) -> 15.750027 | D3: =(((SUMSQ(A3/2)*PI()+SUMSQ(D1/2)*PI()-(7.0685))/PI())) -> 19.000027 | E3: =(((SUMSQ(A3/2)*PI()+SUMSQ(E1/2)*PI()-(7.0685))/PI())) -> 22.750027 | F3: =(((SUMSQ(A3/2)*PI()+SUMSQ(F1/2)*PI()-(7.0685))/PI())) -> 27.000027 | G3: =(((SUMSQ(A3/2)*PI()+SUMSQ(G1/2)*PI()-(7.0685))/PI())) -> 31.750027 | H3: =(((SUMSQ(A3/2)*PI()+SUMSQ(H1/2)*PI()-(7.0685))/PI())) -> 37.000027 | I3: =(((SUMSQ(A3/2)*PI()+SUMSQ(I1/2)*PI()-(7.0685))/PI())) -> 42.750027 | J3: =(((SUMSQ(A3/2)*PI()+SUMSQ(J1/2)*PI()-(7.0685))/PI())) -> 49.000027 | K3: =(((SUMSQ(A3/2)*PI()+SUMSQ(K1/2)*PI()-(7.0685))/PI())) -> 55.750027 | L3: =(((SUMSQ(A3/2)*PI()+SUMSQ(L1/2)*PI()-(7.0685))/PI())) -> 63.000027
A4: 7 | B4: =(((SUMSQ(A4/2)*PI()+SUMSQ(B1/2)*PI()-(7.0685))/PI())) -> 16.250027 | C4: =(((SUMSQ(A4/2)*PI()+SUMSQ(C1/2)*PI()-(7.0685))/PI())) -> 19.000027 | D4: =(((SUMSQ(A4/2)*PI()+SUMSQ(D1/2)*PI()-(7.0685))/PI())) -> 22.250027 | E4: =(((SUMSQ(A4/2)*PI()+SUMSQ(E1/2)*PI()-(7.0685))/PI())) -> 26.000027 | F4: =(((SUMSQ(A4/2)*PI()+SUMSQ(F1/2)*PI()-(7.0685))/PI())) -> 30.250027 | G4: =(((SUMSQ(A4/2)*PI()+SUMSQ(G1/2)*PI()-(7.0685))/PI())) -> 35.000027 | H4: =(((SUMSQ(A4/2)*PI()+SUMSQ(H1/2)*PI()-(7.0685))/PI())) -> 40.250027 | I4: =(((SUMSQ(A4/2)*PI()+SUMSQ(I1/2)*PI()-(7.0685))/PI())) -> 46.000027 | J4: =(((SUMSQ(A4/2)*PI()+SUMSQ(J1/2)*PI()-(7.0685))/PI())) -> 52.250027 | K4: =(((SUMSQ(A4/2)*PI()+SUMSQ(K1/2)*PI()-(7.0685))/PI())) -> 59.000027 | L4: =(((SUMSQ(A4/2)*PI()+SUMSQ(L1/2)*PI()-(7.0685))/PI())) -> 66.250027
A5: 8 | B5: =(((SUMSQ(A5/2)*PI()+SUMSQ(B1/2)*PI()-(7.0685))/PI())) -> 20.000027 | C5: =(((SUMSQ(A5/2)*PI()+SUMSQ(C1/2)*PI()-(7.0685))/PI())) -> 22.750027 | D5: =(((SUMSQ(A5/2)*PI()+SUMSQ(D1/2)*PI()-(7.0685))/PI())) -> 26.000027 | E5: =(((SUMSQ(A5/2)*PI()+SUMSQ(E1/2)*PI()-(7.0685))/PI())) -> 29.750027 | F5: =(((SUMSQ(A5/2)*PI()+SUMSQ(F1/2)*PI()-(7.0685))/PI())) -> 34.000027 | G5: =(((SUMSQ(A5/2)*PI()+SUMSQ(G1/2)*PI()-(7.0685))/PI())) -> 38.750027 | H5: =(((SUMSQ(A5/2)*PI()+SUMSQ(H1/2)*PI()-(7.0685))/PI())) -> 44.000027 | I5: =(((SUMSQ(A5/2)*PI()+SUMSQ(I1/2)*PI()-(7.0685))/PI())) -> 49.750027 | J5: =(((SUMSQ(A5/2)*PI()+SUMSQ(J1/2)*PI()-(7.0685))/PI())) -> 56.000027 | K5: =(((SUMSQ(A5/2)*PI()+SUMSQ(K1/2)*PI()-(7.0685))/PI())) -> 62.750027 | L5: =(((SUMSQ(A5/2)*PI()+SUMSQ(L1/2)*PI()-(7.0685))/PI())) -> 70.000027
A6: 9 | B6: =(((SUMSQ(A6/2)*PI()+SUMSQ(B1/2)*PI()-(7.0685))/PI())) -> 24.250027 | C6: =(((SUMSQ(A6/2)*PI()+SUMSQ(C1/2)*PI()-(7.0685))/PI())) -> 27.000027 | D6: =(((SUMSQ(A6/2)*PI()+SUMSQ(D1/2)*PI()-(7.0685))/PI())) -> 30.250027 | E6: =(((SUMSQ(A6/2)*PI()+SUMSQ(E1/2)*PI()-(7.0685))/PI())) -> 34.000027 | F6: =(((SUMSQ(A6/2)*PI()+SUMSQ(F1/2)*PI()-(7.0685))/PI())) -> 38.250027 | G6: =(((SUMSQ(A6/2)*PI()+SUMSQ(G1/2)*PI()-(7.0685))/PI())) -> 43.000027 | H6: =(((SUMSQ(A6/2)*PI()+SUMSQ(H1/2)*PI()-(7.0685))/PI())) -> 48.250027 | I6: =(((SUMSQ(A6/2)*PI()+SUMSQ(I1/2)*PI()-(7.0685))/PI())) -> 54.000027 | J6: =(((SUMSQ(A6/2)*PI()+SUMSQ(F1/2)*PI()-(7.0685))/PI())) -> 38.250027 | K6: =(((SUMSQ(A6/2)*PI()+SUMSQ(K1/2)*PI()-(7.0685))/PI())) -> 67.000027 | L6: =(((SUMSQ(A6/2)*PI()+SUMSQ(L1/2)*PI()-(7.0685))/PI())) -> 74.250027
A7: 10 | B7: =(((SUMSQ(A7/2)*PI()+SUMSQ(B1/2)*PI()-(7.0685))/PI())) -> 29.000027 | C7: =(((SUMSQ(A7/2)*PI()+SUMSQ(C1/2)*PI()-(7.0685))/PI())) -> 31.750027 | D7: =(((SUMSQ(A7/2)*PI()+SUMSQ(D1/2)*PI()-(7.0685))/PI())) -> 35.000027 | E7: =(((SUMSQ(A7/2)*PI()+SUMSQ(E1/2)*PI()-(7.0685))/PI())) -> 38.750027 | F7: =(((SUMSQ(A7/2)*PI()+SUMSQ(F1/2)*PI()-(7.0685))/PI())) -> 43.000027 | G7: =(((SUMSQ(A7/2)*PI()+SUMSQ(G1/2)*PI()-(7.0685))/PI())) -> 47.750027 | H7: =(((SUMSQ(A7/2)*PI()+SUMSQ(H1/2)*PI()-(7.0685))/PI())) -> 53.000027 | I7: =(((SUMSQ(A7/2)*PI()+SUMSQ(I1/2)*PI()-(7.0685))/PI())) -> 58.750027 | J7: =(((SUMSQ(A7/2)*PI()+SUMSQ(J1/2)*PI()-(7.0685))/PI())) -> 65.000027 | K7: =(((SUMSQ(A7/2)*PI()+SUMSQ(K1/2)*PI()-(7.0685))/PI())) -> 71.750027 | L7: =(((SUMSQ(A7/2)*PI()+SUMSQ(L1/2)*PI()-(7.0685))/PI())) -> 79.000027
A8: 11 | B8: =(((SUMSQ(A8/2)*PI()+SUMSQ(B1/2)*PI()-(7.0685))/PI())) -> 34.250027 | C8: =(((SUMSQ(A8/2)*PI()+SUMSQ(C1/2)*PI()-(7.0685))/PI())) -> 37.000027 | D8: =(((SUMSQ(A8/2)*PI()+SUMSQ(D1/2)*PI()-(7.0685))/PI())) -> 40.250027 | E8: =(((SUMSQ(A8/2)*PI()+SUMSQ(E1/2)*PI()-(7.0685))/PI())) -> 44.000027 | F8: =(((SUMSQ(A8/2)*PI()+SUMSQ(F1/2)*PI()-(7.0685))/PI())) -> 48.250027 | G8: =(((SUMSQ(A8/2)*PI()+SUMSQ(G1/2)*PI()-(7.0685))/PI())) -> 53.000027 | H8: =(((SUMSQ(A8/2)*PI()+SUMSQ(H1/2)*PI()-(7.0685))/PI())) -> 58.250027 | I8: =(((SUMSQ(A8/2)*PI()+SUMSQ(I1/2)*PI()-(7.0685))/PI())) -> 64.000027 | J8: =(((SUMSQ(A7/2)*PI()+SUMSQ(J1/2)*PI()-(7.0685))/PI())) -> 65.000027 | K8: =(((SUMSQ(A8/2)*PI()+SUMSQ(K1/2)*PI()-(7.0685))/PI())) -> 77.000027 | L8: =(((SUMSQ(A8/2)*PI()+SUMSQ(L1/2)*PI()-(7.0685))/PI())) -> 84.250027
A9: 12 | B9: =(((SUMSQ(A9/2)*PI()+SUMSQ(B1/2)*PI()-(7.0685))/PI())) -> 40.000027 | C9: =(((SUMSQ(A9/2)*PI()+SUMSQ(C1/2)*PI()-(7.0685))/PI())) -> 42.750027 | D9: =(((SUMSQ(A9/2)*PI()+SUMSQ(D1/2)*PI()-(7.0685))/PI())) -> 46.000027 | E9: =(((SUMSQ(A9/2)*PI()+SUMSQ(E1/2)*PI()-(7.0685))/PI())) -> 49.750027 | F9: =(((SUMSQ(A9/2)*PI()+SUMSQ(F1/2)*PI()-(7.0685))/PI())) -> 54.000027 | G9: =(((SUMSQ(A9/2)*PI()+SUMSQ(G1/2)*PI()-(7.0685))/PI())) -> 58.750027 | H9: =(((SUMSQ(A9/2)*PI()+SUMSQ(H1/2)*PI()-(7.0685))/PI())) -> 64.000027 | I9: =(((SUMSQ(A9/2)*PI()+SUMSQ(I1/2)*PI()-(7.0685))/PI())) -> 69.750027 | J9: =(((SUMSQ(A9/2)*PI()+SUMSQ(J1/2)*PI()-(7.0685))/PI())) -> 76.000027 | K9: =(((SUMSQ(A9/2)*PI()+SUMSQ(K1/2)*PI()-(7.0685))/PI())) -> 82.750027 | L9: =(((SUMSQ(A9/2)*PI()+SUMSQ(L1/2)*PI()-(7.0685))/PI())) -> 90.000027
A10: 13 | B10: =(((SUMSQ(A10/2)*PI()+SUMSQ(B1/2)*PI()-(7.0685))/PI())) -> 46.250027 | C10: =(((SUMSQ(A10/2)*PI()+SUMSQ(C1/2)*PI()-(7.0685))/PI())) -> 49.000027 | D10: =(((SUMSQ(A10/2)*PI()+SUMSQ(D1/2)*PI()-(7.0685))/PI())) -> 52.250027 | E10: =(((SUMSQ(A10/2)*PI()+SUMSQ(E1/2)*PI()-(7.0685))/PI())) -> 56.000027 | F10: =(((SUMSQ(A10/2)*PI()+SUMSQ(F1/2)*PI()-(7.0685))/PI())) -> 60.250027 | G10: =(((SUMSQ(A10/2)*PI()+SUMSQ(G1/2)*PI()-(7.0685))/PI())) -> 65.000027 | H10: =(((SUMSQ(A10/2)*PI()+SUMSQ(H1/2)*PI()-(7.0685))/PI())) -> 70.250027 | I10: =(((SUMSQ(A10/2)*PI()+SUMSQ(I1/2)*PI()-(7.0685))/PI())) -> 76.000027 | J10: =(((SUMSQ(A10/2)*PI()+SUMSQ(J1/2)*PI()-(7.0685))/PI())) -> 82.250027 | K10: =(((SUMSQ(A10/2)*PI()+SUMSQ(K1/2)*PI()-(7.0685))/PI())) -> 89.000027 | L10: =(((SUMSQ(A10/2)*PI()+SUMSQ(L1/2)*PI()-(7.0685))/PI())) -> 96.250027
A11: 14 | B11: =(((SUMSQ(A11/2)*PI()+SUMSQ(B1/2)*PI()-(7.0685))/PI())) -> 53.000027 | C11: =(((SUMSQ(A11/2)*PI()+SUMSQ(C1/2)*PI()-(7.0685))/PI())) -> 55.750027 | D11: =(((SUMSQ(A11/2)*PI()+SUMSQ(D1/2)*PI()-(7.0685))/PI())) -> 59.000027 | E11: =(((SUMSQ(A11/2)*PI()+SUMSQ(E1/2)*PI()-(7.0685))/PI())) -> 62.750027 | F11: =(((SUMSQ(A11/2)*PI()+SUMSQ(F1/2)*PI()-(7.0685))/PI())) -> 67.000027 | G11: =(((SUMSQ(A11/2)*PI()+SUMSQ(G1/2)*PI()-(7.0685))/PI())) -> 71.750027 | H11: =(((SUMSQ(A11/2)*PI()+SUMSQ(H1/2)*PI()-(7.0685))/PI())) -> 77.000027 | I11: =(((SUMSQ(A11/2)*PI()+SUMSQ(I1/2)*PI()-(7.0685))/PI())) -> 82.750027 | J11: =(((SUMSQ(A11/2)*PI()+SUMSQ(J1/2)*PI()-(7.0685))/PI())) -> 89.000027 | K11: =(((SUMSQ(A11/2)*PI()+SUMSQ(K1/2)*PI()-(7.0685))/PI())) -> 95.750027 | L11: =(((SUMSQ(A11/2)*PI()+SUMSQ(L1/2)*PI()-(7.0685))/PI())) -> 103.00003
A12: 15 | B12: =(((SUMSQ(A12/2)*PI()+SUMSQ(B1/2)*PI()-(7.0685))/PI())) -> 60.250027 | C12: =(((SUMSQ(A12/2)*PI()+SUMSQ(C1/2)*PI()-(7.0685))/PI())) -> 63.000027 | D12: =(((SUMSQ(A12/2)*PI()+SUMSQ(D1/2)*PI()-(7.0685))/PI())) -> 66.250027 | E12: =(((SUMSQ(A12/2)*PI()+SUMSQ(E1/2)*PI()-(7.0685))/PI())) -> 70.000027 | F12: =(((SUMSQ(A12/2)*PI()+SUMSQ(F1/2)*PI()-(7.0685))/PI())) -> 74.250027 | G12: =(((SUMSQ(A12/2)*PI()+SUMSQ(G1/2)*PI()-(7.0685))/PI())) -> 79.000027 | H12: =(((SUMSQ(A12/2)*PI()+SUMSQ(H1/2)*PI()-(7.0685))/PI())) -> 84.250027 | I12: =(((SUMSQ(A12/2)*PI()+SUMSQ(I1/2)*PI()-(7.0685))/PI())) -> 90.000027 | J12: =(((SUMSQ(A12/2)*PI()+SUMSQ(J1/2)*PI()-(7.0685))/PI())) -> 96.250027 | K12: =(((SUMSQ(A12/2)*PI()+SUMSQ(K1/2)*PI()-(7.0685))/PI())) -> 103.00003 | L12: =(((SUMSQ(A12/2)*PI()+SUMSQ(L1/2)*PI()-(7.0685))/PI())) -> 110.25003
A14: 5 | B14: =SQRT(B2)*2 -> 6.4031325 | C14: =SQRT(C2)*2 -> 7.2111099 | D14: =SQRT(D2)*2 -> 8.0622643 | E14: =SQRT(E2)*2 -> 8.9442779 | F14: =SQRT(F2)*2 -> 9.8488632 | G14: =SQRT(G2)*2 -> 10.770335 | H14: =SQRT(H2)*2 -> 11.704704 | I14: =SQRT(I2)*2 -> 12.649115 | ... L14: =SQRT(L2)*2 -> 15.524178
A15: 6 | B15: =SQRT(B3)*2 -> 7.2111099 | C15: =SQRT(C3)*2 -> 7.9372606 | D15: =SQRT(D3)*2 -> 8.717804 | E15: =SQRT(E3)*2 -> 9.5393976 | F15: =SQRT(F3)*2 -> 10.39231 | G15: =SQRT(G3)*2 -> 11.269432 | H15: =SQRT(H3)*2 -> 12.165529 | I15: =SQRT(I3)*2 -> 13.076701 | ... L15: =SQRT(L3)*2 -> 15.874511
A16: 7 | B16: =SQRT(B4)*2 -> 8.0622643 | C16: =SQRT(C4)*2 -> 8.717804 | D16: =SQRT(D4)*2 -> 9.4339868 | E16: =SQRT(E4)*2 -> 10.198044 | F16: =SQRT(F4)*2 -> 11.000005 | G16: =SQRT(G4)*2 -> 11.832164 | H16: =SQRT(H4)*2 -> 12.688582 | I16: =SQRT(I4)*2 -> 13.564664 | ... L16: =SQRT(L4)*2 -> 16.278824
A17: 8 | B17: =SQRT(B5)*2 -> 8.9442779 | C17: =SQRT(C5)*2 -> 9.5393976 | D17: =SQRT(D5)*2 -> 10.198044 | E17: =SQRT(E5)*2 -> 10.908717 | F17: =SQRT(F5)*2 -> 11.661908 | G17: =SQRT(G5)*2 -> 12.449904 | H17: =SQRT(H5)*2 -> 13.266503 | I17: =SQRT(I5)*2 -> 14.10674 | ... L17: =SQRT(L5)*2 -> 16.733204
A18: 9 | B18: =SQRT(B6)*2 -> 9.8488632 | C18: =SQRT(C6)*2 -> 10.39231 | D18: =SQRT(D6)*2 -> 11.000005 | E18: =SQRT(E6)*2 -> 11.661908 | F18: =SQRT(F6)*2 -> 12.369321 | G18: =SQRT(G6)*2 -> 13.114881 | H18: =SQRT(H6)*2 -> 13.892448 | I18: =SQRT(I6)*2 -> 14.696942 | ... L18: =SQRT(L6)*2 -> 17.233691
A19: 10 | B19: =SQRT(B7)*2 -> 10.770335 | C19: =SQRT(C7)*2 -> 11.269432 | D19: =SQRT(D7)*2 -> 11.832164 | E19: =SQRT(E7)*2 -> 12.449904 | F19: =SQRT(F7)*2 -> 13.114881 | G19: =SQRT(G7)*2 -> 13.820279 | H19: =SQRT(H7)*2 -> 14.560223 | I19: =SQRT(I7)*2 -> 15.329713 | ... L19: =SQRT(L7)*2 -> 17.776392
A20: 11 | B20: =SQRT(B8)*2 -> 11.704704 | C20: =SQRT(C8)*2 -> 12.165529 | D20: =SQRT(D8)*2 -> 12.688582 | E20: =SQRT(E8)*2 -> 13.266503 | F20: =SQRT(F8)*2 -> 13.892448 | G20: =SQRT(G8)*2 -> 14.560223 | H20: =SQRT(H8)*2 -> 15.264341 | I20: =SQRT(I8)*2 -> 16.000003 | ... L20: =SQRT(L8)*2 -> 18.357563
A21: 12 | B21: =SQRT(B9)*2 -> 12.649115 | C21: =SQRT(C9)*2 -> 13.076701 | D21: =SQRT(D9)*2 -> 13.564664 | E21: =SQRT(E9)*2 -> 14.10674 | F21: =SQRT(F9)*2 -> 14.696942 | G21: =SQRT(G9)*2 -> 15.329713 | H21: =SQRT(H9)*2 -> 16.000003 | I21: =SQRT(I9)*2 -> 16.703296 | ... L21: =SQRT(L9)*2 -> 18.973669
A22: 13 | B22: =SQRT(B10)*2 -> 13.601474 | C22: =SQRT(C10)*2 -> 14.000004 | D22: =SQRT(D10)*2 -> 14.456836 | E22: =SQRT(E10)*2 -> 14.966633 | F22: =SQRT(F10)*2 -> 15.524178 | G22: =SQRT(G10)*2 -> 16.124519 | H22: =SQRT(H10)*2 -> 16.763058 | I22: =SQRT(I10)*2 -> 17.435599 | ... L22: =SQRT(L10)*2 -> 19.62142
A23: 14 | B23: =SQRT(B11)*2 -> 14.560223 | C23: =SQRT(C11)*2 -> 14.933188 | D23: =SQRT(D11)*2 -> 15.362295 | E23: =SQRT(E11)*2 -> 15.842983 | F23: =SQRT(F11)*2 -> 16.370709 | G23: =SQRT(G11)*2 -> 16.941077 | H23: =SQRT(H11)*2 -> 17.549932 | I23: =SQRT(I11)*2 -> 18.193408 | ... L23: =SQRT(L11)*2 -> 20.297786
A24: 15 | B24: =SQRT(B12)*2 -> 15.524178 | C24: =SQRT(C12)*2 -> 15.874511 | D24: =SQRT(D12)*2 -> 16.278824 | E24: =SQRT(E12)*2 -> 16.733204 | F24: =SQRT(F12)*2 -> 17.233691 | G24: =SQRT(G12)*2 -> 17.776392 | H24: =SQRT(H12)*2 -> 18.357563 | I24: =SQRT(I12)*2 -> 18.973669 | ... L24: =SQRT(L12)*2 -> 21.000003
A26: 5 | B26: =(((SUMSQ(A2/2)*PI()+SUMSQ(B1/2)*PI()-(14.137))/PI())) -> 8.0000531
A27: 6 | B27: =(((SUMSQ(A3/2)*PI()+SUMSQ(C1/2)*PI()-(14.137))/PI())) -> 13.500053
A28: 7 | B28: =(((SUMSQ(A4/2)*PI()+SUMSQ(D1/2)*PI()-(14.137))/PI())) -> 20.000053
A29: 8 | B29: =(((SUMSQ(A5/2)*PI()+SUMSQ(B4/2)*PI()-(14.137))/PI())) -> 77.515894
A30: 9 | B30: =(((SUMSQ(A6/2)*PI()+SUMSQ(B5/2)*PI()-(14.137))/PI())) -> 115.75032
A31: 10 | B31: =(((SUMSQ(A7/2)*PI()+SUMSQ(B6/2)*PI()-(14.137))/PI())) -> 167.516
A32: 11 | B32: =(((SUMSQ(A8/2)*PI()+SUMSQ(B7/2)*PI()-(14.137))/PI())) -> 236.00044
A33: 12 | B33: =(((SUMSQ(A9/2)*PI()+SUMSQ(B8/2)*PI()-(14.137))/PI())) -> 324.76613
A34: 13 | B34: =(((SUMSQ(A10/2)*PI()+SUMSQ(B9/2)*PI()-(14.137))/PI())) -> 437.75058
A35: 14 | B35: =(((SUMSQ(A11/2)*PI()+SUMSQ(B10/2)*PI()-(14.137))/PI())) -> 579.26629
A36: 15 | B36: =(((SUMSQ(A12/2)*PI()+SUMSQ(B11/2)*PI()-(14.137))/PI())) -> 754.00076
A37: 16 | B37: =(((SUMSQ(A13/2)*PI()+SUMSQ(B12/2)*PI()-(14.137))/PI())) -> 903.01648
A38: 17 | B38: =(((SUMSQ(A14/2)*PI()+SUMSQ(B13/2)*PI()-(14.137))/PI())) -> 1.7500531
A39: 18 | B39: =(((SUMSQ(A15/2)*PI()+SUMSQ(B14/2)*PI()-(14.137))/PI())) -> 14.75008
A40: 19 | B40: =(((SUMSQ(A16/2)*PI()+SUMSQ(B15/2)*PI()-(14.137))/PI())) -> 20.75008
A41: 20 | B41: =(((SUMSQ(A17/2)*PI()+SUMSQ(B16/2)*PI()-(14.137))/PI())) -> 27.75008
